,Vehicle_Type,Fuel_Type,Total_Distance,Start_lat,Start_lon,Stop_lat,Stop_lon,Energy_Consumed,Carbon_Footprint
0,Car,Petrol,8.812,12.96,77.621,13.026,77.576,0.5035428571428571,1.1631839999999998
1,Car,Diesel,7.0,12.96,77.621,13.026,77.576,0.32558139534883723,0.8725581395348838
2,Car,Electric,2.0,12.96,77.621,13.026,77.576,0.3076923076923077,0.0
3,Car,Petrol,8.812,12.96,77.621,13.026,74.576,0.5035428571428571,1.1631839999999998
4,Bus,Diesel,5.2,13.412,77.621,12.96,77.621,1.1555555555555557,3.0968888888888895
5,Bus,Diesel,0.0,12.96,77.621,12.96,77.621,0.0,0.0
6,Bus,Diesel,0.0,12.96,77.621,12.96,77.621,0.0,0.0
